番号,299,;キャラ番号
名前,中間スリーサイズ,;本名
呼び名,中間スリーサイズ,;呼び名
基礎,0,1000,;체력
基礎,1,1000,;기력
基礎,2,100,;성내성
基礎,10,100,;공격
基礎,11,100,;방어
基礎,12,100,;민첩
基礎,13,100,;지성
基礎,20,10000,;사정
基礎,21,10000,;모유
基礎,공중대시,2
珠,20,200,;修練Ｐ
フラグ,10,25,;변신능력のあるキャラの変身前の能力がどれくらい減るか(デフォルトは25%)
フラグ,11,110,;변신능력のあるキャラのSP変身後の能力がどれくらい増えるか(デフォルトは110%)
フラグ,40,100.;사복
フラグ,41,200.;アウタースーツ
フラグ,42,300.;평범한 속옷
能力,50,1,;キャラの레벨。初期値は1

CSTR,12,ナチュラル,
CSTR,13,ショートヘア,
CSTR,14,ショートヘア,
CSTR,18,普通,

素質,신장성장률난수,6,;1-11
素質,신장보정난수,16,;1-31
素質,체중난수,30,;1-59
素質,허리둘레난수,8,;1-15
素質,골반둘레난수,9,;1-16
素質,언더난수,7,;1-13
素質,가슴탄력난수,12,;1-23
素質,가슴성장률난수,4,;1-7
素質,가슴사이즈보정난수,27,;1-53