番号,1503,
名前,菱堂 藍胡,
呼び名,藍胡,
CSTR,10,菱堂,;　苗字

;-------나이指定----------------
CSTR,204,36,
CSTR,205,36,
CSTR,206,36, 


;-------初期스테이터스----------
;스테이터스における基礎値
基礎,체력,1000,
基礎,기력,1100,
基礎,성내성,110,
基礎,공격,100,
基礎,방어,90,
基礎,민첩,100,
基礎,지성,110,
基礎,사정,10000,
基礎,모유,10000,
能力,레벨,1,
 
;-------素質--------------------
素質,과묵함,1,
素質,모유체질,1,
素質,C민감,1,
素質,V민감,1,
素質,B민감,1,
素質,A민감,1,
素質,거유,1,
素質,젖기쉬움,1,
素質,인간,1,
素質,변신시체격변동,0,
素質,변신시가슴사이즈변동,0,
素質,교제상대,4,;　유부녀
素質,가족관계,5,
素質,외관,1,
素質,변신시외관,1,
 
;-------衣装--------------------
フラグ,40,100,
フラグ,41,200,
フラグ,42,300,
CSTR,8,
CSTR,9,
 
;-------髪型--------------------
CSTR,12,Ｍ字分け,
CSTR,13,セミロングヘア,
CSTR,14,セミロングヘア,
 
;-------目つき------------------
CSTR,18,普通,

;-------プロフィール-------------
;머리색
CSTR,30,검정,
;変身時の머리색
CSTR,31,검정,
;右目の色
CSTR,32,검정,
;左目の色
CSTR,33,검정,
;変身時の右目の色
CSTR,34,검정,
;変身時の左目の色
CSTR,35,검정,
;肌の色
CSTR,36,살구색,
;変身時の肌の色
CSTR,37,살구색,
 
;-------武器定義-----------------
CSTR,15,// //통상,
CSTR,16,// //통상,
CSTR,17,ビート＝ウォッシャー（遠）// //통상,
 
;-------キャラフラグ------------
フラグ,10,25,;　변신능력のあるキャラの変身前の能力(デフォルトは25%)
フラグ,11,110,;　변신능력のあるキャラのSP変身後の能力(デフォルトは110%)
 
;-------변신능력関連------------
素質,변신능력,1,;　변신능력あり
 
;変身後の名前
CSTR,0,サイガーアイリス,
フラグ,2,1,
 
;変身後の통칭
CSTR,1,アイリス,
フラグ,3,1,
 
;変身時の名乗り
CSTR,3,流転の水に咲くアヤメ……サイガーアイリス！,
フラグ,5,1,
 
素質,고유캐릭터,1,
