番号,1502,
名前,ソフィー・アンドレア・雪籐,
呼び名,ソフィー,
CSTR,10,雪籐,;　苗字
フラグ,8,11,;　일인칭설정

;-------나이指定----------------
CSTR,204,31,
CSTR,205,31,
CSTR,206,31, 

;-------기초 스테이터스----------
;스테이터스에서의 기초치
基礎,체력,600,
基礎,기력,900,
基礎,성내성,110,
基礎,공격,110,
基礎,방어,100,
基礎,민첩,110,
基礎,지성,100,
基礎,사정,10000,
基礎,모유,10000,
能力,레벨,1,
 
;-------소질--------------------
素質,경박함,1,
素質,Ｃ민감,1,
素質,Ａ민감,1,
素質,Ｂ민감,1,
素質,거유,1,
素質,젖기쉬움,1,
素質,장신,1,
素質,중거리특기,1,
素質,인간,1,
素質,변신시체격변동,0,
素質,변신시가슴사이즈변동,0,
素質,교제상대,5,;　과부
素質,외관,2,
素質,변신시외관,2,
 
;-------의상--------------------
フラグ,40,100,
フラグ,41,200,
フラグ,42,300,
CSTR,8,
CSTR,9,
 
;-------헤어 스타일--------------------
CSTR,12,かき上げ,
CSTR,13,긴 머리,
CSTR,14,긴 머리,
 
;-------目つき------------------
CSTR,18,평범한 눈,

;-------프로필-------------
;머리색
CSTR,30,금색,
;변신 시 머리색
CSTR,31,금색,
;오른쪽 눈의 색
CSTR,32,8//125//255,
;왼쪽 눈의 색
CSTR,33,8//125//255,
;변신 시 오른쪽 눈의 색
CSTR,34,8//125//255,
;변신 시 왼쪽 눈의 색
CSTR,35,8//125//255,
;피부색
CSTR,36,살구색,
;변신 시 피부색
CSTR,37,살구색,
 
;-------무기 정의-----------------
CSTR,15,// //통상,
CSTR,16,// //통상,
CSTR,17,// //통상,
 
;-------캐릭터 플래그------------
フラグ,10,25,;　변신능력이 있는 캐릭터의 변신 전 능력(디폴트는 25%)
フラグ,11,110,;　변신능력이 있는 캐릭터의 SP변신 후 능력(디폴트는 110%)
 
;-------변신능력関連------------
素質,변신능력,1,;　변신능력あり
 
;変身後の名前
CSTR,0,サイガーリリー,
フラグ,2,1,
 
;変身後の통칭
CSTR,1,リリー,
フラグ,3,1,
 
;変身時の名乗り
CSTR,3,悪が吹き飛ぶ百合の風！　サイガーリリー！！,
フラグ,5,1,

素質,고유캐릭터,1,
