;100번〜 겉옷（비변신）
100,사복,0,
101,세라복,2000,
102,블레이저,2000,
103,체육복,2000,
104,메이드복,2000,
105,무대 의상,2000,
106,무당복,2000,
107,고스로리,3000,
108,예쁜 드레스,3000,
109,비서복,3000,
110,비키니 아머,4000,
111,버니 레오타드,4000,
112,폴리스 스커트,6000,
113,간호사복,6000,
114,수녀복,6000,
115,차이나 드레스,6000,
116,밀리터리 스커트,6000,
117,요조숙녀복,6000,
118,라이더 슈트,6000,
119,남장복,1000,
120,여장복,1000,
121,매니쉬룩,4000,
122,플라워 원피스,4000,
123,시티 펑크,4000,
124,유카타,4000,
125,웨이트리스 제복,4000,
126,유치원생복,4000,
127,정장 교복,4000,
128,스포츠복,4000,
129,검도복,4000,
130,치어리더복,6000,
131,마칭밴드복,6000,
132,의사 가운,6000,
133,마이히메의 얇은 옷,6000,
134,델타포스 군복,6000,
135,컴뱃 슈트,8000,
136,풀 아머 유닛,8000,
137,슈발리에 로브,8000,
138,히메무사의 대갑옷,8000,
139,마녀의 로브,8000,
140,서부 보안관복,8000,
141,웨딩 앙헬,12000,
142,블랙 위도우,12000,
143,라켓 프린세스,4000,
144,대운동회복,4000,
145,사신의 그림자,6000,
146,앨리스 피나포어,8000,
147,빨간 모자,8000,
148,동정을 죽이는 옷,6000,
149,고대 그리스 복장,6000,
150,디른들,8000,
151,다이쇼 로망,8000,
152,배틀 스쿨 수영복,6000,
153,닌자복,6000,

196,촉수의 신부,0,
197,오퍼레이터 베스트,2000,
198,목욕 타월,1000,
199,촉수 슈트,25000,

;200번〜 겉옷 (변신관계)
200,오리지널 슈트,0,
201,프리티 스커트,0,
202,배틀 레오타드,0,
299,소프트 바디슈트,0,

;300번〜 속옷
300,평범한 속옷,0,
301,귀여운 속옷,1000,
302,어른스러운 속옷,2000,
303,줄무늬 속옷,2000,
304,화려한 속옷,3000,
305,수영복,3000,
306,스쿨미즈,3000,
307,사라시&하이레그,2000,
308,레깅스,2000,
309,캣 란제리,4000,
310,프릴 가터&뷔스티에,5000,
311,숙녀의 코르셋,5000,
312,주니어 속옷,2000,
313,스포츠 속옷,4000,
314,남성 속옷,1000,


397,훈도시,4000,
398,성기 가리개,1000,
399,루크탄테표・쇼츠,5000

;400번〜 특수한 의상
400,촉수 구속구,0,
401,사악한 마장,0,
402,음박의 사슬,0,

;500번〜 기타 장비
500,스카우터,6000,
501,슈퍼 스코프,10000,
502,가속 장치,8000,
503,의욕 스위치,7000,
504,구급 스프레이,5000,
505,공중 촬영 드론,8000,
506,TK-드론,7000,
507,우주 씰,5000,
508,수호천사,6000,
509,심부름꾼,10000,
510,입체기동장치,10000,
511,업무용 이어폰,3000,

;600번〜 커스터마이즈 파츠
600,과잉 노출,2000,
601,뷰티 리본,1000,
602,파워 쥬얼,1000,
603,호사스러운 장식,1000,
604,점액 내성,2000,
605,독기 내성,2000,
606,공격 강화,500,
607,방어 강화,500,
608,민첩 강화,500,
609,지성 강화,500,
610,모든 능력 강화,4000,
611,치명타 강화,4000,
612,에어리얼 강화,8000,
613,EX증폭 강화,8000,
614,가속 부스터,1000,
615,아이 바이저,1000,
616,색적 시스템,2000,
617,견부 아머,1000,
618,복슬복슬한 갈기,1000,
619,초커,500,

660,외투:머플러,500,
661,외투:망토,500,
662,외투:윙 파츠,500,
663,외투:하프 자켓,500,
664,외투:선녀의 날개옷,1000,

670,흉부:경장갑,2000,
671,흉부:중장갑,2000,
672,흉부:가슴을 강조한 디자인,2000,
673,흉부:슬림한 디자인,2000,

680,팔:마수꾼의 발톱,2000,
681,팔:대형 무장 너클,2000,
682,팔:건틀렛 아머,2000,
683,팔:롱글러브,500,

690,다리:절대영역,500,
691,다리:붕대,500,
692,다리:윙부츠,500,
693,다리:팬티 스타킹,500,
694,다리:각부 아머,1000,






