番号,1741,
名前,高町 ヴィヴィオ,
呼び名,ヴィヴィオ,
CSTR,10,高町,;　苗字

;-------나이指定----------------
CSTR,204,9,
CSTR,205,9,
CSTR,206,17,

;-------初期스테이터스----------
;스테이터스における基礎値
基礎,체력,1200,
基礎,기력,1000,
基礎,성내성,100,
基礎,공격,70,
基礎,방어,80,
基礎,민첩,130,
基礎,지성,80,
基礎,사정,10000,
基礎,모유,10000,
能力,레벨,1,
基礎,공중대시,2,

;-------素質--------------------
素質,처녀,1,
素質,백보지,1,
素質,활발함,1,
素質,빈유,1,
素質,회복빠름,1,
素質,왜소함,1,
素質,C민감,1,
素質,C결계,1,
素質,V결계,1,
素質,B결계,1,
素質,근거리특기,1,
素質,마법사,1,
素質,청순파,1,
素質,경찰관계자,1,
素質,학생,1,;　초등학생
素質,외관,4,
素質,변신시외관,4,

;-------衣装--------------------
フラグ,40,100,
フラグ,41,200,
フラグ,42,300,
CSTR,9,バリアジャケットV,

;-------髪型--------------------
CSTR,12,斜め分け,
CSTR,13,ロングヘア,
CSTR,14,サイドテール,

;-------目つき------------------
CSTR,18,普通,

;-------プロフィール-------------
;머리색
CSTR,30,금색,
;変身時の머리색
CSTR,31,금색,
;右目の色
CSTR,32,초록,
;左目の色
CSTR,33,빨강,
;変身時の右目の色
CSTR,34,초록,
;変身時の左目の色
CSTR,35,빨강,
;肌の色
CSTR,36,살구색,
;変身時の肌の色
CSTR,37,살구색,

;-------武器定義-----------------
CSTR,15,セイクリッド・ハート// //통상,
CSTR,16,セイクリッド・ハート// //통상,
CSTR,17,セイクリッド・ハート// //통상,

;-------キャラフラグ------------
フラグ,10,55,;　변신능력のあるキャラの変身前の能力(デフォルトは25%)
フラグ,11,120,;　변신능력のあるキャラのSP変身後の能力(デフォルトは110%)


;-------변신능력関連------------
素質,변신능력,1,;　변신능력あり

;변신 시 구호
CSTR,2,いくよクリス, セイクリッド・ハート　セットアップ！,
フラグ,4,1,

;変身時の名乗り
CSTR,3,Ｓｔ．ヒルデ魔法学院初等科の高町ヴィヴィオです！,
フラグ,5,1,

;-------고유캐릭터フラグ--------
素質,고유캐릭터,1,
