番号,1742,
名前,アインハルト・ストラトス,
呼び名,アインハルト,
CSTR,10,ストラトス,;　苗字

;-------나이指定----------------
CSTR,204,14,
CSTR,205,14,
CSTR,206,18,

;-------初期스테이터스----------
;스테이터스における基礎値
基礎,체력,1500,
基礎,기력,1000,
基礎,성내성,100,
基礎,공격,120,
基礎,방어,110,
基礎,민첩,80,
基礎,지성,80,
基礎,사정,10000,
基礎,모유,10000,
能力,레벨,1,
基礎,공중대시,1,

;-------素質--------------------
素質,처녀,1,
素質,순종적,1,
素質,Ｃ민감,1,
素質,Ａ민감,1,
素質,근거리특기,1,
素質,마법사,1,
素質,청순파,1,
素質,학생,2,;　중학생
素質,외관,4,
素質,변신시외관,4,

;-------衣装--------------------
フラグ,40,100,
フラグ,41,200,
フラグ,42,300,
CSTR,9,バリアジャケットA,

;-------髪型--------------------
CSTR,12,ナチュラル,
CSTR,13,ツインテール,
CSTR,14,ツインテール,

;-------目つき--------------------
CSTR,18,普通,

;-------プロフィール-------------
;머리색
CSTR,30,255//255//176,
;変身時の머리색
CSTR,31,255//255//176,
;右目の色
CSTR,32,128//8//255,
;左目の色
CSTR,33,16//192//255,
;変身時の右目の色
CSTR,34,128//8//255,
;変身時の左目の色
CSTR,35,16//192//255,
;肌の色
CSTR,36,백색,
;変身時の肌の色
CSTR,37,백색,

;-------武器定義-----------------
CSTR,15,アスティオン// //통상,
CSTR,16,アスティオン// //통상,
CSTR,17,アスティオン// //통상,

;-------キャラフラグ------------
フラグ,10,75,;　변신능력のあるキャラの変身前の能力(デフォルトは25%)
フラグ,11,110,;　변신능력のあるキャラのSP변신後の能力(デフォルトは110%)


;-------변신능력関連------------
素質,변신능력,1,;　변신능력あり

;변신 시 구호
CSTR,2,セットアップ!,
フラグ,4,1,

;変身時の名乗り
CSTR,3,覇王イングヴァルドが後継, アインハルト・ストラトスです。,
フラグ,5,1,


;-------고유캐릭터フラグ--------
素質,고유캐릭터,1,
