番号,1213,
名前,東風谷 早苗,
呼び名,早苗,
CSTR,10,東風谷,;　苗字
;-------나이指定----------------
CSTR,204,16,
CSTR,205,실제나이に合わせる,
CSTR,206,실제나이に合わせる,

;-------기초 스테이터스----------
;스테이터스에서의 기초치
基礎,체력,1100,
基礎,기력,1000,
基礎,성내성,100,
基礎,공격,100,
基礎,방어,130,
基礎,민첩,100,
基礎,지성,100,
能力,레벨,1,
基礎,사정,10000,
基礎,모유,10000,
基礎,공중대시,3,
;-------소질--------------------
素質,처녀,1,
素質,모유체질,1,
素質,백보지,1,
素質,수다쟁이,1,
素質,Ｃ민감,1,
素質,Ｖ민감,1,
素質,Ａ민감,1,
素質,Ｂ민감,1,
素質,거유,1,
素質,젖기쉬움,1,
素質,회복빠름,1,
素質,장신,1,
素質,촉수의포로,1,
素質,음란,1,
素質,음핵,1,
素質,음호,1,
素質,음고,1,
素質,음유,1,
素質,근거리서툼,1,
素質,중거리특기,1,
素質,원거리서툼,1,
素質,이능력자,1,
素質,후타나리,1,
素質,학생,3,;　고등학생
素質,공중전특기,1,
素質,외관,1,
素質,변신시외관,1,
素質,신장지정,1655
素質,가슴둘레지정,994
素質,허리둘레지정,569
素質,골반둘레지정,858
 
;-------의상--------------------
フラグ,40,100,
フラグ,41,200,
フラグ,42,300,
CSTR,8,
CSTR,9,
 
;-------헤어 스타일--------------------
CSTR,12,비스듬한 가르마,
CSTR,13,세미롱,
CSTR,14,세미롱,
 
;-------目つき------------------
CSTR,18,평범한 눈,

;-------프로필-------------
;머리색
CSTR,30,8//255//125,
;변신 시 머리색
CSTR,31,8//255//125,
;오른쪽 눈의 색
CSTR,32,255//255//8,
;왼쪽 눈의 색
CSTR,33,255//255//8,
;변신 시 오른쪽 눈의 색
CSTR,34,40//24//24,
;변신 시 왼쪽 눈의 색
CSTR,35,40//24//24,
;피부색
CSTR,36,255//200//180,
;변신 시 피부색
CSTR,37,40//24//24,
 
;-------무기 정의-----------------
CSTR,15,スカイサーペント// //통상,
CSTR,16,手管の蝦蟇// //통상,
CSTR,17,コバルトスプレッド// //통상,
 
;-------캐릭터 플래그------------
フラグ,10,25,;　변신능력이 있는 캐릭터의 변신 전 능력(디폴트는 25%)
フラグ,11,20,0;　변신능력이 있는 캐릭터의 SP변신 후 능력(디폴트는 110%)

;-------개성------------
CSTR,40,常識を투척捨てる
CSTR,41,奇跡を起こす程度の能力
CSTR,42,風祝

;-------고유캐릭터フラグ--------
素質,고유캐릭터,1,
