番号,302,;キャラ番号
名前,花園 桃香,;本名
呼び名,桃香,;呼び名
CSTR,10,花園,;　苗字
基礎,0,1200,;체력
基礎,1,1400,;기력
基礎,2,120,;성내성
基礎,10,120,;공격
基礎,11,150,;방어
基礎,12,120,;민첩
基礎,13,100,;지성
基礎,20,10000,;사정
基礎,21,10000,;모유
基礎,22,2,;공중대시
素質,0,;처녀
素質,17,;낙천적
素質,102,;V敏感
素質,111,;거유
素質,116,;왜소함
素質,182,;중거리특기
素質,200,;변신능력あり
素質,201,;인간
フラグ,10,25,;변신능력のあるキャラの変身前の能力がどれくらい減るか(デフォルトは25%)
フラグ,11,120,;변신능력のあるキャラのSP変身後の能力がどれくらい増えるか(デフォルトは110%)
フラグ,40,100,;사복
フラグ,41,200,;アウタースーツ
フラグ,42,300,;평범한 속옷
CSTR,12,センター分け,
CSTR,13,ツインテール,
CSTR,14,ツインテール,
CSTR,18,普通,

;머리색
CSTR,30,紫,
CSTR,31,紫,
;瞳の色
CSTR,32,紫,
CSTR,33,紫,
;肌の色
CSTR,34,肌色,

素質,고유캐릭터,1,
