番号,346,;キャラ番号
名前,茂木 冴子,;本名
呼び名,冴子,;통칭
;-------나이指定----------------
CSTR,204,고등학생,
CSTR,205,실제나이に合わせる,
CSTR,206,실제나이に合わせる,

基礎,0,900,;체력
基礎,1,1000,;기력
基礎,2,120,;성내성
基礎,10,150,;공격
基礎,11,100,;방어
基礎,12,100,;민첩
基礎,13,150,;지성
基礎,20,10000,;사정
基礎,21,10000,;모유
基礎,22,2,;공중대시
能力,50,10;はじめから레벨10
素質,0,;처녀
素質,16,;진지함
素質,111,;거유
素質,114,;回復はやい
素質,201,;인간
素質,301,;청순파
素質,160,;기생　はじめから기생されている
フラグ,0,2,;最初から세뇌
フラグ,20,1,
フラグ,21,1,
フラグ,10,25,;변신능력のあるキャラの変身前の能力がどれくらい減るか(デフォルトは25%)
フラグ,11,110,;변신능력のあるキャラのSP変身後の能力がどれくらい増えるか(デフォルトは110%)
フラグ,40,100,;사복
フラグ,41,200,;アウタースーツ
フラグ,42,300,;평범한 속옷
CSTR,10,茂木,;苗字
CSTR,12,ナチュラル,
CSTR,13,ロングヘア,
CSTR,14,ロングヘア,
CSTR,18,普通,

;머리색
CSTR,30,0//32//255
CSTR,31,0//32//255
;瞳の色
CSTR,32,빨강
CSTR,33,빨강
;肌の色
CSTR,34,살구색

素質,고유캐릭터,1



