番号,312,;キャラ番号
名前,フェイト=テスタロッサ,;本名
呼び名,フェイト,;통칭
基礎,0,1200,;체력
基礎,1,1300,;기력
基礎,2,100,;성내성
基礎,10,120,;공격
基礎,11,50,;방어
基礎,12,150,;민첩
基礎,13,100,;지성
基礎,20,10000,;사정
基礎,21,10000,;모유
基礎,22,2,;공중대시
素質,0,;처녀
素質,19,;순종적
素質,100,;C敏感
素質,106,;B敏感
素質,180,;近接得意
素質,182,;중거리특기
素質,186,;공중전특기
素質,200,;변신능력あり
素質,203,;마법사
素質,301,;청순파
フラグ,10,75,;변신능력のあるキャラの変身前の能力がどれくらい減るか(デフォルトは25%)
フラグ,11,110,;변신능력のあるキャラのSP変身後の能力がどれくらい増えるか(デフォルトは110%)
フラグ,40,100,;사복
フラグ,41,200,;アウタースーツ
フラグ,42,300,;평범한 속옷
CSTR,10,テスタロッサ,;苗字
CSTR,12,センター分け,
CSTR,13,ロングヘア,
CSTR,14,ツインテール,
CSTR,18,普通,

;衣装の名前
CSTR,9,バリアジャケットＦ,

;머리색
CSTR,30,금색,
CSTR,31,금색,
;瞳の色
CSTR,32,88//32//0,
CSTR,33,88//32//0,
;肌の色
CSTR,34,살구색,

素質,고유캐릭터,1,
