番号,343,;キャラ番号
名前,国府 千尋,;本名
呼び名,千尋,;통칭
;-------나이指定----------------
CSTR,204,대학생,
CSTR,205,실제나이に合わせる,
CSTR,206,실제나이に合わせる,

基礎,0,900,;체력
基礎,1,800,;기력
基礎,2,100,;성내성
基礎,10,75,;공격
基礎,11,30,;방어
基礎,12,30,;민첩
基礎,13,100,;지성
基礎,20,10000,;사정
基礎,21,10000,;모유
基礎,22,2,;공중대시
素質,0,;처녀
素質,21,;얀데레
素質,104,;A敏感
素質,187,;공중전서툼
素質,201,;인간
素質,301,;청순파
フラグ,10,25,;변신능력のあるキャラの変身前の能力がどれくらい減るか(デフォルトは25%)
フラグ,11,110,;변신능력のあるキャラのSP변신後の能力がどれくらい増えるか(デフォルトは110%)
フラグ,40,100,;사복
フラグ,41,200,;アウタースーツ
フラグ,42,300,;평범한 속옷
CSTR,10,国府,;苗字
CSTR,12,センター分け,
CSTR,13,おさげ,
CSTR,14,おさげ,
CSTR,18,普通,

;머리색
CSTR,30,188//188//0
CSTR,31,188//188//0
;瞳の色
CSTR,32,검정
CSTR,33,검정
;肌の色
CSTR,34,살구색

素質,고유캐릭터,1

